"rep","EncounterID","EncounterClass","Pct.Correct"
"1",1,"P8","Ambiguous",45.27
"2",1,"P4","Ambiguous",47.3
"3",1,"P5","MHI",62.84
"4",1,"P1","Ambiguous",45.27
"5",1,"N2","Ambiguous",47.3
"6",1,"N3","MHI",62.84
"7",1,"N4","Ambiguous",45.27
"8",1,"N1","Ambiguous",47.3
"9",1,"M2","MHI",62.84
"10",1,"M3","Ambiguous",45.27
"11",1,"M4","Ambiguous",47.3
"12",1,"M1","MHI",62.84
"13",2,"P1","Ambiguous",49.32
"14",2,"P6","Ambiguous",45.95
"15",2,"P8","MHI",64.19
"16",2,"P3","Ambiguous",49.32
"17",2,"N2","Ambiguous",45.95
"18",2,"N3","MHI",64.19
"19",2,"N4","Ambiguous",49.32
"20",2,"N1","Ambiguous",45.95
"21",2,"M2","MHI",64.19
"22",2,"M3","Ambiguous",49.32
"23",2,"M4","Ambiguous",45.95
"24",2,"M1","MHI",64.19
"25",3,"P8","Ambiguous",45.27
"26",3,"P4","NWHI",60.81
"27",3,"P7","MHI",56.08
"28",3,"P1","Ambiguous",45.27
"29",3,"N2","NWHI",60.81
"30",3,"N3","MHI",56.08
"31",3,"N4","Ambiguous",45.27
"32",3,"N1","NWHI",60.81
"33",3,"M2","MHI",56.08
"34",3,"M3","Ambiguous",45.27
"35",3,"M4","NWHI",60.81
"36",3,"M1","MHI",56.08
"37",4,"P3","Pelagic",58.78
"38",4,"P8","Ambiguous",41.22
"39",4,"P6","MHI",60.81
"40",4,"P5","Pelagic",58.78
"41",4,"N2","Ambiguous",41.22
"42",4,"N3","MHI",60.81
"43",4,"N4","Pelagic",58.78
"44",4,"N1","Ambiguous",41.22
"45",4,"M2","MHI",60.81
"46",4,"M3","Pelagic",58.78
"47",4,"M4","Ambiguous",41.22
"48",4,"M1","MHI",60.81
"49",5,"P2","Pelagic",54.73
"50",5,"P1","NWHI",54.05
"51",5,"P8","MHI",61.49
"52",5,"P6","Pelagic",54.73
"53",5,"N2","NWHI",54.05
"54",5,"N3","MHI",61.49
"55",5,"N4","Pelagic",54.73
"56",5,"N1","NWHI",54.05
"57",5,"M2","MHI",61.49
"58",5,"M3","Pelagic",54.73
"59",5,"M4","NWHI",54.05
"60",5,"M1","MHI",61.49
"61",6,"P3","Pelagic",51.35
"62",6,"P1","NWHI",50.68
"63",6,"P2","MHI",59.46
"64",6,"P8","Pelagic",51.35
"65",6,"N2","NWHI",50.68
"66",6,"N3","MHI",59.46
"67",6,"N4","Pelagic",51.35
"68",6,"N1","NWHI",50.68
"69",6,"M2","MHI",59.46
"70",6,"M3","Pelagic",51.35
"71",6,"M4","NWHI",50.68
"72",6,"M1","MHI",59.46
"73",7,"P6","Pelagic",57.43
"74",7,"P1","Ambiguous",47.3
"75",7,"P5","MHI",56.08
"76",7,"P8","Pelagic",57.43
"77",7,"N2","Ambiguous",47.3
"78",7,"N3","MHI",56.08
"79",7,"N4","Pelagic",57.43
"80",7,"N1","Ambiguous",47.3
"81",7,"M2","MHI",56.08
"82",7,"M3","Pelagic",57.43
"83",7,"M4","Ambiguous",47.3
"84",7,"M1","MHI",56.08
"85",8,"P5","Pelagic",60.14
"86",8,"P3","NWHI",50.68
"87",8,"P8","MHI",66.22
"88",8,"P2","Pelagic",60.14
"89",8,"N2","NWHI",50.68
"90",8,"N3","MHI",66.22
"91",8,"N4","Pelagic",60.14
"92",8,"N1","NWHI",50.68
"93",8,"M2","MHI",66.22
"94",8,"M3","Pelagic",60.14
"95",8,"M4","NWHI",50.68
"96",8,"M1","MHI",66.22
"97",9,"P6","Pelagic",52.03
"98",9,"P4","Ambiguous",46.62
"99",9,"P8","MHI",65.54
"100",9,"P5","Pelagic",52.03
"101",9,"N2","Ambiguous",46.62
"102",9,"N3","MHI",65.54
"103",9,"N4","Pelagic",52.03
"104",9,"N1","Ambiguous",46.62
"105",9,"M2","MHI",65.54
"106",9,"M3","Pelagic",52.03
"107",9,"M4","Ambiguous",46.62
"108",9,"M1","MHI",65.54
"109",10,"P4","Ambiguous",49.32
"110",10,"P1","NWHI",55.41
"111",10,"P8","MHI",61.49
"112",10,"P6","Ambiguous",49.32
"113",10,"N2","NWHI",55.41
"114",10,"N3","MHI",61.49
"115",10,"N4","Ambiguous",49.32
"116",10,"N1","NWHI",55.41
"117",10,"M2","MHI",61.49
"118",10,"M3","Ambiguous",49.32
"119",10,"M4","NWHI",55.41
"120",10,"M1","MHI",61.49
"121",11,"P1","Pelagic",54.73
"122",11,"P2","NWHI",54.73
"123",11,"P3","MHI",57.43
"124",11,"P7","Pelagic",54.73
"125",11,"N2","NWHI",54.73
"126",11,"N3","MHI",57.43
"127",11,"N4","Pelagic",54.73
"128",11,"N1","NWHI",54.73
"129",11,"M2","MHI",57.43
"130",11,"M3","Pelagic",54.73
"131",11,"M4","NWHI",54.73
"132",11,"M1","MHI",57.43
"133",12,"P6","Pelagic",53.38
"134",12,"P5","Ambiguous",46.62
"135",12,"P8","MHI",62.84
"136",12,"P4","Pelagic",53.38
"137",12,"N2","Ambiguous",46.62
"138",12,"N3","MHI",62.84
"139",12,"N4","Pelagic",53.38
"140",12,"N1","Ambiguous",46.62
"141",12,"M2","MHI",62.84
"142",12,"M3","Pelagic",53.38
"143",12,"M4","Ambiguous",46.62
"144",12,"M1","MHI",62.84
"145",13,"P8","Pelagic",53.38
"146",13,"P4","Ambiguous",48.65
"147",13,"P3","MHI",66.22
"148",13,"P2","Pelagic",53.38
"149",13,"N2","Ambiguous",48.65
"150",13,"N3","MHI",66.22
"151",13,"N4","Pelagic",53.38
"152",13,"N1","Ambiguous",48.65
"153",13,"M2","MHI",66.22
"154",13,"M3","Pelagic",53.38
"155",13,"M4","Ambiguous",48.65
"156",13,"M1","MHI",66.22
"157",14,"P8","Ambiguous",49.32
"158",14,"P4","Ambiguous",48.65
"159",14,"P2","MHI",67.57
"160",14,"P1","Ambiguous",49.32
"161",14,"N2","Ambiguous",48.65
"162",14,"N3","MHI",67.57
"163",14,"N4","Ambiguous",49.32
"164",14,"N1","Ambiguous",48.65
"165",14,"M2","MHI",67.57
"166",14,"M3","Ambiguous",49.32
"167",14,"M4","Ambiguous",48.65
"168",14,"M1","MHI",67.57
"169",15,"P5","Pelagic",58.78
"170",15,"P8","NWHI",52.7
"171",15,"P3","MHI",58.78
"172",15,"P7","Pelagic",58.78
"173",15,"N2","NWHI",52.7
"174",15,"N3","MHI",58.78
"175",15,"N4","Pelagic",58.78
"176",15,"N1","NWHI",52.7
"177",15,"M2","MHI",58.78
"178",15,"M3","Pelagic",58.78
"179",15,"M4","NWHI",52.7
"180",15,"M1","MHI",58.78
"181",16,"P1","Pelagic",52.03
"182",16,"P2","Ambiguous",44.59
"183",16,"P8","MHI",65.54
"184",16,"P4","Pelagic",52.03
"185",16,"N2","Ambiguous",44.59
"186",16,"N3","MHI",65.54
"187",16,"N4","Pelagic",52.03
"188",16,"N1","Ambiguous",44.59
"189",16,"M2","MHI",65.54
"190",16,"M3","Pelagic",52.03
"191",16,"M4","Ambiguous",44.59
"192",16,"M1","MHI",65.54
"193",17,"P8","Pelagic",54.05
"194",17,"P5","Ambiguous",47.97
"195",17,"P2","MHI",67.57
"196",17,"P1","Pelagic",54.05
"197",17,"N2","Ambiguous",47.97
"198",17,"N3","MHI",67.57
"199",17,"N4","Pelagic",54.05
"200",17,"N1","Ambiguous",47.97
"201",17,"M2","MHI",67.57
"202",17,"M3","Pelagic",54.05
"203",17,"M4","Ambiguous",47.97
"204",17,"M1","MHI",67.57
"205",18,"P7","Ambiguous",42.57
"206",18,"P4","Ambiguous",45.95
"207",18,"P2","MHI",68.92
"208",18,"P5","Ambiguous",42.57
"209",18,"N2","Ambiguous",45.95
"210",18,"N3","MHI",68.92
"211",18,"N4","Ambiguous",42.57
"212",18,"N1","Ambiguous",45.95
"213",18,"M2","MHI",68.92
"214",18,"M3","Ambiguous",42.57
"215",18,"M4","Ambiguous",45.95
"216",18,"M1","MHI",68.92
"217",19,"P5","Ambiguous",46.62
"218",19,"P3","NWHI",52.7
"219",19,"P4","MHI",68.92
"220",19,"P6","Ambiguous",46.62
"221",19,"N2","NWHI",52.7
"222",19,"N3","MHI",68.92
"223",19,"N4","Ambiguous",46.62
"224",19,"N1","NWHI",52.7
"225",19,"M2","MHI",68.92
"226",19,"M3","Ambiguous",46.62
"227",19,"M4","NWHI",52.7
"228",19,"M1","MHI",68.92
"229",20,"P8","Pelagic",52.7
"230",20,"P3","NWHI",61.49
"231",20,"P7","MHI",59.46
"232",20,"P2","Pelagic",52.7
"233",20,"N2","NWHI",61.49
"234",20,"N3","MHI",59.46
"235",20,"N4","Pelagic",52.7
"236",20,"N1","NWHI",61.49
"237",20,"M2","MHI",59.46
"238",20,"M3","Pelagic",52.7
"239",20,"M4","NWHI",61.49
"240",20,"M1","MHI",59.46
"241",21,"P6","Ambiguous",49.32
"242",21,"P7","NWHI",50.68
"243",21,"P8","MHI",57.43
"244",21,"P3","Ambiguous",49.32
"245",21,"N2","NWHI",50.68
"246",21,"N3","MHI",57.43
"247",21,"N4","Ambiguous",49.32
"248",21,"N1","NWHI",50.68
"249",21,"M2","MHI",57.43
"250",21,"M3","Ambiguous",49.32
"251",21,"M4","NWHI",50.68
"252",21,"M1","MHI",57.43
"253",22,"P1","Pelagic",62.16
"254",22,"P6","NWHI",51.35
"255",22,"P8","MHI",58.78
"256",22,"P5","Pelagic",62.16
"257",22,"N2","NWHI",51.35
"258",22,"N3","MHI",58.78
"259",22,"N4","Pelagic",62.16
"260",22,"N1","NWHI",51.35
"261",22,"M2","MHI",58.78
"262",22,"M3","Pelagic",62.16
"263",22,"M4","NWHI",51.35
"264",22,"M1","MHI",58.78
"265",23,"P7","Ambiguous",44.59
"266",23,"P5","NWHI",54.73
"267",23,"P4","MHI",64.19
"268",23,"P6","Ambiguous",44.59
"269",23,"N2","NWHI",54.73
"270",23,"N3","MHI",64.19
"271",23,"N4","Ambiguous",44.59
"272",23,"N1","NWHI",54.73
"273",23,"M2","MHI",64.19
"274",23,"M3","Ambiguous",44.59
"275",23,"M4","NWHI",54.73
"276",23,"M1","MHI",64.19
"277",24,"P6","Ambiguous",48.65
"278",24,"P3","Ambiguous",47.3
"279",24,"P2","MHI",64.86
"280",24,"P5","Ambiguous",48.65
"281",24,"N2","Ambiguous",47.3
"282",24,"N3","MHI",64.86
"283",24,"N4","Ambiguous",48.65
"284",24,"N1","Ambiguous",47.3
"285",24,"M2","MHI",64.86
"286",24,"M3","Ambiguous",48.65
"287",24,"M4","Ambiguous",47.3
"288",24,"M1","MHI",64.86
"289",25,"P3","Pelagic",50.68
"290",25,"P1","Ambiguous",49.32
"291",25,"P6","MHI",66.89
"292",25,"P2","Pelagic",50.68
"293",25,"N2","Ambiguous",49.32
"294",25,"N3","MHI",66.89
"295",25,"N4","Pelagic",50.68
"296",25,"N1","Ambiguous",49.32
"297",25,"M2","MHI",66.89
"298",25,"M3","Pelagic",50.68
"299",25,"M4","Ambiguous",49.32
"300",25,"M1","MHI",66.89
"301",26,"P1","Ambiguous",42.57
"302",26,"P8","NWHI",53.38
"303",26,"P7","MHI",61.49
"304",26,"P5","Ambiguous",42.57
"305",26,"N2","NWHI",53.38
"306",26,"N3","MHI",61.49
"307",26,"N4","Ambiguous",42.57
"308",26,"N1","NWHI",53.38
"309",26,"M2","MHI",61.49
"310",26,"M3","Ambiguous",42.57
"311",26,"M4","NWHI",53.38
"312",26,"M1","MHI",61.49
"313",27,"P7","Ambiguous",47.3
"314",27,"P5","Ambiguous",47.3
"315",27,"P8","MHI",58.78
"316",27,"P1","Ambiguous",47.3
"317",27,"N2","Ambiguous",47.3
"318",27,"N3","MHI",58.78
"319",27,"N4","Ambiguous",47.3
"320",27,"N1","Ambiguous",47.3
"321",27,"M2","MHI",58.78
"322",27,"M3","Ambiguous",47.3
"323",27,"M4","Ambiguous",47.3
"324",27,"M1","MHI",58.78
"325",28,"P3","Pelagic",54.73
"326",28,"P6","NWHI",50
"327",28,"P2","MHI",64.86
"328",28,"P8","Pelagic",54.73
"329",28,"N2","NWHI",50
"330",28,"N3","MHI",64.86
"331",28,"N4","Pelagic",54.73
"332",28,"N1","NWHI",50
"333",28,"M2","MHI",64.86
"334",28,"M3","Pelagic",54.73
"335",28,"M4","NWHI",50
"336",28,"M1","MHI",64.86
"337",29,"P3","Ambiguous",48.65
"338",29,"P1","Ambiguous",38.51
"339",29,"P6","MHI",60.14
"340",29,"P7","Ambiguous",48.65
"341",29,"N2","Ambiguous",38.51
"342",29,"N3","MHI",60.14
"343",29,"N4","Ambiguous",48.65
"344",29,"N1","Ambiguous",38.51
"345",29,"M2","MHI",60.14
"346",29,"M3","Ambiguous",48.65
"347",29,"M4","Ambiguous",38.51
"348",29,"M1","MHI",60.14
"349",30,"P8","Ambiguous",47.3
"350",30,"P2","NWHI",54.73
"351",30,"P6","MHI",58.78
"352",30,"P7","Ambiguous",47.3
"353",30,"N2","NWHI",54.73
"354",30,"N3","MHI",58.78
"355",30,"N4","Ambiguous",47.3
"356",30,"N1","NWHI",54.73
"357",30,"M2","MHI",58.78
"358",30,"M3","Ambiguous",47.3
"359",30,"M4","NWHI",54.73
"360",30,"M1","MHI",58.78
"361",31,"P5","Pelagic",54.73
"362",31,"P8","NWHI",50
"363",31,"P2","MHI",63.51
"364",31,"P4","Pelagic",54.73
"365",31,"N2","NWHI",50
"366",31,"N3","MHI",63.51
"367",31,"N4","Pelagic",54.73
"368",31,"N1","NWHI",50
"369",31,"M2","MHI",63.51
"370",31,"M3","Pelagic",54.73
"371",31,"M4","NWHI",50
"372",31,"M1","MHI",63.51
"373",32,"P4","Ambiguous",42.57
"374",32,"P7","Ambiguous",48.65
"375",32,"P5","MHI",66.22
"376",32,"P2","Ambiguous",42.57
"377",32,"N2","Ambiguous",48.65
"378",32,"N3","MHI",66.22
"379",32,"N4","Ambiguous",42.57
"380",32,"N1","Ambiguous",48.65
"381",32,"M2","MHI",66.22
"382",32,"M3","Ambiguous",42.57
"383",32,"M4","Ambiguous",48.65
"384",32,"M1","MHI",66.22
"385",33,"P6","Pelagic",52.7
"386",33,"P4","Ambiguous",45.27
"387",33,"P5","MHI",66.89
"388",33,"P1","Pelagic",52.7
"389",33,"N2","Ambiguous",45.27
"390",33,"N3","MHI",66.89
"391",33,"N4","Pelagic",52.7
"392",33,"N1","Ambiguous",45.27
"393",33,"M2","MHI",66.89
"394",33,"M3","Pelagic",52.7
"395",33,"M4","Ambiguous",45.27
"396",33,"M1","MHI",66.89
"397",34,"P7","Pelagic",51.35
"398",34,"P6","NWHI",62.84
"399",34,"P3","MHI",55.41
"400",34,"P8","Pelagic",51.35
"401",34,"N2","NWHI",62.84
"402",34,"N3","MHI",55.41
"403",34,"N4","Pelagic",51.35
"404",34,"N1","NWHI",62.84
"405",34,"M2","MHI",55.41
"406",34,"M3","Pelagic",51.35
"407",34,"M4","NWHI",62.84
"408",34,"M1","MHI",55.41
"409",35,"P5","Pelagic",55.41
"410",35,"P1","Ambiguous",41.89
"411",35,"P2","MHI",58.11
"412",35,"P3","Pelagic",55.41
"413",35,"N2","Ambiguous",41.89
"414",35,"N3","MHI",58.11
"415",35,"N4","Pelagic",55.41
"416",35,"N1","Ambiguous",41.89
"417",35,"M2","MHI",58.11
"418",35,"M3","Pelagic",55.41
"419",35,"M4","Ambiguous",41.89
"420",35,"M1","MHI",58.11
"421",36,"P1","Ambiguous",48.65
"422",36,"P5","Ambiguous",43.92
"423",36,"P4","MHI",64.19
"424",36,"P2","Ambiguous",48.65
"425",36,"N2","Ambiguous",43.92
"426",36,"N3","MHI",64.19
"427",36,"N4","Ambiguous",48.65
"428",36,"N1","Ambiguous",43.92
"429",36,"M2","MHI",64.19
"430",36,"M3","Ambiguous",48.65
"431",36,"M4","Ambiguous",43.92
"432",36,"M1","MHI",64.19
"433",37,"P1","Ambiguous",46.62
"434",37,"P2","NWHI",50
"435",37,"P4","MHI",60.14
"436",37,"P7","Ambiguous",46.62
"437",37,"N2","NWHI",50
"438",37,"N3","MHI",60.14
"439",37,"N4","Ambiguous",46.62
"440",37,"N1","NWHI",50
"441",37,"M2","MHI",60.14
"442",37,"M3","Ambiguous",46.62
"443",37,"M4","NWHI",50
"444",37,"M1","MHI",60.14
"445",38,"P7","Ambiguous",45.27
"446",38,"P1","NWHI",50.68
"447",38,"P4","MHI",64.19
"448",38,"P3","Ambiguous",45.27
"449",38,"N2","NWHI",50.68
"450",38,"N3","MHI",64.19
"451",38,"N4","Ambiguous",45.27
"452",38,"N1","NWHI",50.68
"453",38,"M2","MHI",64.19
"454",38,"M3","Ambiguous",45.27
"455",38,"M4","NWHI",50.68
"456",38,"M1","MHI",64.19
"457",39,"P2","Ambiguous",45.27
"458",39,"P6","NWHI",56.76
"459",39,"P7","MHI",58.11
"460",39,"P8","Ambiguous",45.27
"461",39,"N2","NWHI",56.76
"462",39,"N3","MHI",58.11
"463",39,"N4","Ambiguous",45.27
"464",39,"N1","NWHI",56.76
"465",39,"M2","MHI",58.11
"466",39,"M3","Ambiguous",45.27
"467",39,"M4","NWHI",56.76
"468",39,"M1","MHI",58.11
"469",40,"P3","Pelagic",56.08
"470",40,"P2","Ambiguous",48.65
"471",40,"P5","MHI",60.14
"472",40,"P4","Pelagic",56.08
"473",40,"N2","Ambiguous",48.65
"474",40,"N3","MHI",60.14
"475",40,"N4","Pelagic",56.08
"476",40,"N1","Ambiguous",48.65
"477",40,"M2","MHI",60.14
"478",40,"M3","Pelagic",56.08
"479",40,"M4","Ambiguous",48.65
"480",40,"M1","MHI",60.14
"481",41,"P4","Ambiguous",43.92
"482",41,"P6","NWHI",53.38
"483",41,"P8","MHI",59.46
"484",41,"P7","Ambiguous",43.92
"485",41,"N2","NWHI",53.38
"486",41,"N3","MHI",59.46
"487",41,"N4","Ambiguous",43.92
"488",41,"N1","NWHI",53.38
"489",41,"M2","MHI",59.46
"490",41,"M3","Ambiguous",43.92
"491",41,"M4","NWHI",53.38
"492",41,"M1","MHI",59.46
"493",42,"P2","Ambiguous",48.65
"494",42,"P1","Ambiguous",41.22
"495",42,"P4","MHI",66.89
"496",42,"P6","Ambiguous",48.65
"497",42,"N2","Ambiguous",41.22
"498",42,"N3","MHI",66.89
"499",42,"N4","Ambiguous",48.65
"500",42,"N1","Ambiguous",41.22
"501",42,"M2","MHI",66.89
"502",42,"M3","Ambiguous",48.65
"503",42,"M4","Ambiguous",41.22
"504",42,"M1","MHI",66.89
"505",43,"P4","Pelagic",52.7
"506",43,"P8","Ambiguous",49.32
"507",43,"P6","MHI",64.19
"508",43,"P5","Pelagic",52.7
"509",43,"N2","Ambiguous",49.32
"510",43,"N3","MHI",64.19
"511",43,"N4","Pelagic",52.7
"512",43,"N1","Ambiguous",49.32
"513",43,"M2","MHI",64.19
"514",43,"M3","Pelagic",52.7
"515",43,"M4","Ambiguous",49.32
"516",43,"M1","MHI",64.19
"517",44,"P2","Ambiguous",47.97
"518",44,"P8","Ambiguous",47.97
"519",44,"P6","MHI",64.19
"520",44,"P4","Ambiguous",47.97
"521",44,"N2","Ambiguous",47.97
"522",44,"N3","MHI",64.19
"523",44,"N4","Ambiguous",47.97
"524",44,"N1","Ambiguous",47.97
"525",44,"M2","MHI",64.19
"526",44,"M3","Ambiguous",47.97
"527",44,"M4","Ambiguous",47.97
"528",44,"M1","MHI",64.19
"529",45,"P3","Pelagic",51.35
"530",45,"P8","NWHI",55.41
"531",45,"P1","MHI",63.51
"532",45,"P4","Pelagic",51.35
"533",45,"N2","NWHI",55.41
"534",45,"N3","MHI",63.51
"535",45,"N4","Pelagic",51.35
"536",45,"N1","NWHI",55.41
"537",45,"M2","MHI",63.51
"538",45,"M3","Pelagic",51.35
"539",45,"M4","NWHI",55.41
"540",45,"M1","MHI",63.51
"541",46,"P7","Pelagic",57.43
"542",46,"P3","NWHI",63.51
"543",46,"P6","MHI",57.43
"544",46,"P8","Pelagic",57.43
"545",46,"N2","NWHI",63.51
"546",46,"N3","MHI",57.43
"547",46,"N4","Pelagic",57.43
"548",46,"N1","NWHI",63.51
"549",46,"M2","MHI",57.43
"550",46,"M3","Pelagic",57.43
"551",46,"M4","NWHI",63.51
"552",46,"M1","MHI",57.43
"553",47,"P2","Pelagic",50.68
"554",47,"P7","NWHI",55.41
"555",47,"P3","MHI",62.16
"556",47,"P1","Pelagic",50.68
"557",47,"N2","NWHI",55.41
"558",47,"N3","MHI",62.16
"559",47,"N4","Pelagic",50.68
"560",47,"N1","NWHI",55.41
"561",47,"M2","MHI",62.16
"562",47,"M3","Pelagic",50.68
"563",47,"M4","NWHI",55.41
"564",47,"M1","MHI",62.16
"565",48,"P7","Ambiguous",41.22
"566",48,"P6","NWHI",54.73
"567",48,"P1","MHI",66.89
"568",48,"P4","Ambiguous",41.22
"569",48,"N2","NWHI",54.73
"570",48,"N3","MHI",66.89
"571",48,"N4","Ambiguous",41.22
"572",48,"N1","NWHI",54.73
"573",48,"M2","MHI",66.89
"574",48,"M3","Ambiguous",41.22
"575",48,"M4","NWHI",54.73
"576",48,"M1","MHI",66.89
"577",49,"P1","Pelagic",56.08
"578",49,"P3","Ambiguous",44.59
"579",49,"P2","MHI",67.57
"580",49,"P8","Pelagic",56.08
"581",49,"N2","Ambiguous",44.59
"582",49,"N3","MHI",67.57
"583",49,"N4","Pelagic",56.08
"584",49,"N1","Ambiguous",44.59
"585",49,"M2","MHI",67.57
"586",49,"M3","Pelagic",56.08
"587",49,"M4","Ambiguous",44.59
"588",49,"M1","MHI",67.57
"589",50,"P7","Ambiguous",48.65
"590",50,"P6","NWHI",52.03
"591",50,"P5","MHI",65.54
"592",50,"P3","Ambiguous",48.65
"593",50,"N2","NWHI",52.03
"594",50,"N3","MHI",65.54
"595",50,"N4","Ambiguous",48.65
"596",50,"N1","NWHI",52.03
"597",50,"M2","MHI",65.54
"598",50,"M3","Ambiguous",48.65
"599",50,"M4","NWHI",52.03
"600",50,"M1","MHI",65.54
"601",51,"P7","Pelagic",50.68
"602",51,"P1","Ambiguous",49.32
"603",51,"P6","MHI",51.35
"604",51,"P3","Pelagic",50.68
"605",51,"N2","Ambiguous",49.32
"606",51,"N3","MHI",51.35
"607",51,"N4","Pelagic",50.68
"608",51,"N1","Ambiguous",49.32
"609",51,"M2","MHI",51.35
"610",51,"M3","Pelagic",50.68
"611",51,"M4","Ambiguous",49.32
"612",51,"M1","MHI",51.35
"613",52,"P5","Pelagic",55.41
"614",52,"P3","Ambiguous",49.32
"615",52,"P6","MHI",62.84
"616",52,"P4","Pelagic",55.41
"617",52,"N2","Ambiguous",49.32
"618",52,"N3","MHI",62.84
"619",52,"N4","Pelagic",55.41
"620",52,"N1","Ambiguous",49.32
"621",52,"M2","MHI",62.84
"622",52,"M3","Pelagic",55.41
"623",52,"M4","Ambiguous",49.32
"624",52,"M1","MHI",62.84
"625",53,"P4","Pelagic",50
"626",53,"P6","NWHI",50.68
"627",53,"P1","MHI",66.22
"628",53,"P2","Pelagic",50
"629",53,"N2","NWHI",50.68
"630",53,"N3","MHI",66.22
"631",53,"N4","Pelagic",50
"632",53,"N1","NWHI",50.68
"633",53,"M2","MHI",66.22
"634",53,"M3","Pelagic",50
"635",53,"M4","NWHI",50.68
"636",53,"M1","MHI",66.22
"637",54,"P2","Pelagic",57.43
"638",54,"P3","Ambiguous",43.24
"639",54,"P4","MHI",59.46
"640",54,"P5","Pelagic",57.43
"641",54,"N2","Ambiguous",43.24
"642",54,"N3","MHI",59.46
"643",54,"N4","Pelagic",57.43
"644",54,"N1","Ambiguous",43.24
"645",54,"M2","MHI",59.46
"646",54,"M3","Pelagic",57.43
"647",54,"M4","Ambiguous",43.24
"648",54,"M1","MHI",59.46
"649",55,"P7","Ambiguous",47.97
"650",55,"P2","NWHI",50.68
"651",55,"P4","MHI",62.16
"652",55,"P8","Ambiguous",47.97
"653",55,"N2","NWHI",50.68
"654",55,"N3","MHI",62.16
"655",55,"N4","Ambiguous",47.97
"656",55,"N1","NWHI",50.68
"657",55,"M2","MHI",62.16
"658",55,"M3","Ambiguous",47.97
"659",55,"M4","NWHI",50.68
"660",55,"M1","MHI",62.16
"661",56,"P5","Ambiguous",45.95
"662",56,"P2","Ambiguous",49.32
"663",56,"P7","MHI",66.22
"664",56,"P6","Ambiguous",45.95
"665",56,"N2","Ambiguous",49.32
"666",56,"N3","MHI",66.22
"667",56,"N4","Ambiguous",45.95
"668",56,"N1","Ambiguous",49.32
"669",56,"M2","MHI",66.22
"670",56,"M3","Ambiguous",45.95
"671",56,"M4","Ambiguous",49.32
"672",56,"M1","MHI",66.22
"673",57,"P5","Ambiguous",47.3
"674",57,"P7","NWHI",52.7
"675",57,"P1","MHI",56.76
"676",57,"P8","Ambiguous",47.3
"677",57,"N2","NWHI",52.7
"678",57,"N3","MHI",56.76
"679",57,"N4","Ambiguous",47.3
"680",57,"N1","NWHI",52.7
"681",57,"M2","MHI",56.76
"682",57,"M3","Ambiguous",47.3
"683",57,"M4","NWHI",52.7
"684",57,"M1","MHI",56.76
"685",58,"P5","Pelagic",58.78
"686",58,"P2","Ambiguous",47.3
"687",58,"P8","MHI",66.22
"688",58,"P3","Pelagic",58.78
"689",58,"N2","Ambiguous",47.3
"690",58,"N3","MHI",66.22
"691",58,"N4","Pelagic",58.78
"692",58,"N1","Ambiguous",47.3
"693",58,"M2","MHI",66.22
"694",58,"M3","Pelagic",58.78
"695",58,"M4","Ambiguous",47.3
"696",58,"M1","MHI",66.22
"697",59,"P8","Ambiguous",47.97
"698",59,"P6","NWHI",56.76
"699",59,"P7","MHI",57.43
"700",59,"P2","Ambiguous",47.97
"701",59,"N2","NWHI",56.76
"702",59,"N3","MHI",57.43
"703",59,"N4","Ambiguous",47.97
"704",59,"N1","NWHI",56.76
"705",59,"M2","MHI",57.43
"706",59,"M3","Ambiguous",47.97
"707",59,"M4","NWHI",56.76
"708",59,"M1","MHI",57.43
"709",60,"P8","Ambiguous",46.62
"710",60,"P4","Ambiguous",48.65
"711",60,"P1","MHI",63.51
"712",60,"P6","Ambiguous",46.62
"713",60,"N2","Ambiguous",48.65
"714",60,"N3","MHI",63.51
"715",60,"N4","Ambiguous",46.62
"716",60,"N1","Ambiguous",48.65
"717",60,"M2","MHI",63.51
"718",60,"M3","Ambiguous",46.62
"719",60,"M4","Ambiguous",48.65
"720",60,"M1","MHI",63.51
"721",61,"P3","Pelagic",54.73
"722",61,"P2","Ambiguous",43.92
"723",61,"P5","MHI",66.89
"724",61,"P1","Pelagic",54.73
"725",61,"N2","Ambiguous",43.92
"726",61,"N3","MHI",66.89
"727",61,"N4","Pelagic",54.73
"728",61,"N1","Ambiguous",43.92
"729",61,"M2","MHI",66.89
"730",61,"M3","Pelagic",54.73
"731",61,"M4","Ambiguous",43.92
"732",61,"M1","MHI",66.89
"733",62,"P6","Pelagic",56.08
"734",62,"P4","Ambiguous",47.97
"735",62,"P7","MHI",56.76
"736",62,"P2","Pelagic",56.08
"737",62,"N2","Ambiguous",47.97
"738",62,"N3","MHI",56.76
"739",62,"N4","Pelagic",56.08
"740",62,"N1","Ambiguous",47.97
"741",62,"M2","MHI",56.76
"742",62,"M3","Pelagic",56.08
"743",62,"M4","Ambiguous",47.97
"744",62,"M1","MHI",56.76
"745",63,"P5","Pelagic",52.03
"746",63,"P3","Ambiguous",46.62
"747",63,"P7","MHI",58.11
"748",63,"P1","Pelagic",52.03
"749",63,"N2","Ambiguous",46.62
"750",63,"N3","MHI",58.11
"751",63,"N4","Pelagic",52.03
"752",63,"N1","Ambiguous",46.62
"753",63,"M2","MHI",58.11
"754",63,"M3","Pelagic",52.03
"755",63,"M4","Ambiguous",46.62
"756",63,"M1","MHI",58.11
"757",64,"P2","Pelagic",60.81
"758",64,"P5","Ambiguous",43.92
"759",64,"P8","MHI",62.16
"760",64,"P1","Pelagic",60.81
"761",64,"N2","Ambiguous",43.92
"762",64,"N3","MHI",62.16
"763",64,"N4","Pelagic",60.81
"764",64,"N1","Ambiguous",43.92
"765",64,"M2","MHI",62.16
"766",64,"M3","Pelagic",60.81
"767",64,"M4","Ambiguous",43.92
"768",64,"M1","MHI",62.16
"769",65,"P8","Ambiguous",49.32
"770",65,"P1","NWHI",52.03
"771",65,"P7","MHI",62.16
"772",65,"P3","Ambiguous",49.32
"773",65,"N2","NWHI",52.03
"774",65,"N3","MHI",62.16
"775",65,"N4","Ambiguous",49.32
"776",65,"N1","NWHI",52.03
"777",65,"M2","MHI",62.16
"778",65,"M3","Ambiguous",49.32
"779",65,"M4","NWHI",52.03
"780",65,"M1","MHI",62.16
"781",66,"P6","Ambiguous",47.97
"782",66,"P5","Ambiguous",48.65
"783",66,"P3","MHI",66.22
"784",66,"P4","Ambiguous",47.97
"785",66,"N2","Ambiguous",48.65
"786",66,"N3","MHI",66.22
"787",66,"N4","Ambiguous",47.97
"788",66,"N1","Ambiguous",48.65
"789",66,"M2","MHI",66.22
"790",66,"M3","Ambiguous",47.97
"791",66,"M4","Ambiguous",48.65
"792",66,"M1","MHI",66.22
"793",67,"P7","Ambiguous",47.97
"794",67,"P5","NWHI",51.35
"795",67,"P1","MHI",60.81
"796",67,"P2","Ambiguous",47.97
"797",67,"N2","NWHI",51.35
"798",67,"N3","MHI",60.81
"799",67,"N4","Ambiguous",47.97
"800",67,"N1","NWHI",51.35
"801",67,"M2","MHI",60.81
"802",67,"M3","Ambiguous",47.97
"803",67,"M4","NWHI",51.35
"804",67,"M1","MHI",60.81
"805",68,"P3","Pelagic",57.43
"806",68,"P2","Ambiguous",45.95
"807",68,"P7","MHI",72.3
"808",68,"P6","Pelagic",57.43
"809",68,"N2","Ambiguous",45.95
"810",68,"N3","MHI",72.3
"811",68,"N4","Pelagic",57.43
"812",68,"N1","Ambiguous",45.95
"813",68,"M2","MHI",72.3
"814",68,"M3","Pelagic",57.43
"815",68,"M4","Ambiguous",45.95
"816",68,"M1","MHI",72.3
"817",69,"P6","Ambiguous",41.22
"818",69,"P4","NWHI",51.35
"819",69,"P3","MHI",68.24
"820",69,"P7","Ambiguous",41.22
"821",69,"N2","NWHI",51.35
"822",69,"N3","MHI",68.24
"823",69,"N4","Ambiguous",41.22
"824",69,"N1","NWHI",51.35
"825",69,"M2","MHI",68.24
"826",69,"M3","Ambiguous",41.22
"827",69,"M4","NWHI",51.35
"828",69,"M1","MHI",68.24
"829",70,"P5","Ambiguous",41.22
"830",70,"P8","NWHI",52.03
"831",70,"P7","MHI",53.38
"832",70,"P4","Ambiguous",41.22
"833",70,"N2","NWHI",52.03
"834",70,"N3","MHI",53.38
"835",70,"N4","Ambiguous",41.22
"836",70,"N1","NWHI",52.03
"837",70,"M2","MHI",53.38
"838",70,"M3","Ambiguous",41.22
"839",70,"M4","NWHI",52.03
"840",70,"M1","MHI",53.38
"841",71,"P3","Pelagic",56.08
"842",71,"P2","Ambiguous",39.86
"843",71,"P8","MHI",66.22
"844",71,"P5","Pelagic",56.08
"845",71,"N2","Ambiguous",39.86
"846",71,"N3","MHI",66.22
"847",71,"N4","Pelagic",56.08
"848",71,"N1","Ambiguous",39.86
"849",71,"M2","MHI",66.22
"850",71,"M3","Pelagic",56.08
"851",71,"M4","Ambiguous",39.86
"852",71,"M1","MHI",66.22
"853",72,"P8","Pelagic",52.7
"854",72,"P2","NWHI",54.73
"855",72,"P3","MHI",65.54
"856",72,"P5","Pelagic",52.7
"857",72,"N2","NWHI",54.73
"858",72,"N3","MHI",65.54
"859",72,"N4","Pelagic",52.7
"860",72,"N1","NWHI",54.73
"861",72,"M2","MHI",65.54
"862",72,"M3","Pelagic",52.7
"863",72,"M4","NWHI",54.73
"864",72,"M1","MHI",65.54
"865",73,"P5","Pelagic",50
"866",73,"P3","Ambiguous",43.24
"867",73,"P1","MHI",55.41
"868",73,"P7","Pelagic",50
"869",73,"N2","Ambiguous",43.24
"870",73,"N3","MHI",55.41
"871",73,"N4","Pelagic",50
"872",73,"N1","Ambiguous",43.24
"873",73,"M2","MHI",55.41
"874",73,"M3","Pelagic",50
"875",73,"M4","Ambiguous",43.24
"876",73,"M1","MHI",55.41
"877",74,"P6","Pelagic",50.68
"878",74,"P5","NWHI",58.11
"879",74,"P3","MHI",66.22
"880",74,"P8","Pelagic",50.68
"881",74,"N2","NWHI",58.11
"882",74,"N3","MHI",66.22
"883",74,"N4","Pelagic",50.68
"884",74,"N1","NWHI",58.11
"885",74,"M2","MHI",66.22
"886",74,"M3","Pelagic",50.68
"887",74,"M4","NWHI",58.11
"888",74,"M1","MHI",66.22
"889",75,"P8","Pelagic",51.35
"890",75,"P3","Ambiguous",48.65
"891",75,"P4","MHI",58.78
"892",75,"P2","Pelagic",51.35
"893",75,"N2","Ambiguous",48.65
"894",75,"N3","MHI",58.78
"895",75,"N4","Pelagic",51.35
"896",75,"N1","Ambiguous",48.65
"897",75,"M2","MHI",58.78
"898",75,"M3","Pelagic",51.35
"899",75,"M4","Ambiguous",48.65
"900",75,"M1","MHI",58.78
"901",76,"P4","Pelagic",50
"902",76,"P2","NWHI",50
"903",76,"P1","MHI",60.14
"904",76,"P8","Pelagic",50
"905",76,"N2","NWHI",50
"906",76,"N3","MHI",60.14
"907",76,"N4","Pelagic",50
"908",76,"N1","NWHI",50
"909",76,"M2","MHI",60.14
"910",76,"M3","Pelagic",50
"911",76,"M4","NWHI",50
"912",76,"M1","MHI",60.14
"913",77,"P8","Ambiguous",42.57
"914",77,"P6","Ambiguous",47.3
"915",77,"P1","MHI",67.57
"916",77,"P4","Ambiguous",42.57
"917",77,"N2","Ambiguous",47.3
"918",77,"N3","MHI",67.57
"919",77,"N4","Ambiguous",42.57
"920",77,"N1","Ambiguous",47.3
"921",77,"M2","MHI",67.57
"922",77,"M3","Ambiguous",42.57
"923",77,"M4","Ambiguous",47.3
"924",77,"M1","MHI",67.57
"925",78,"P2","Pelagic",52.03
"926",78,"P3","NWHI",56.76
"927",78,"P7","MHI",62.84
"928",78,"P4","Pelagic",52.03
"929",78,"N2","NWHI",56.76
"930",78,"N3","MHI",62.84
"931",78,"N4","Pelagic",52.03
"932",78,"N1","NWHI",56.76
"933",78,"M2","MHI",62.84
"934",78,"M3","Pelagic",52.03
"935",78,"M4","NWHI",56.76
"936",78,"M1","MHI",62.84
"937",79,"P8","Pelagic",54.05
"938",79,"P3","NWHI",50.68
"939",79,"P2","MHI",66.22
"940",79,"P1","Pelagic",54.05
"941",79,"N2","NWHI",50.68
"942",79,"N3","MHI",66.22
"943",79,"N4","Pelagic",54.05
"944",79,"N1","NWHI",50.68
"945",79,"M2","MHI",66.22
"946",79,"M3","Pelagic",54.05
"947",79,"M4","NWHI",50.68
"948",79,"M1","MHI",66.22
"949",80,"P8","Ambiguous",46.62
"950",80,"P3","NWHI",52.7
"951",80,"P7","MHI",56.08
"952",80,"P4","Ambiguous",46.62
"953",80,"N2","NWHI",52.7
"954",80,"N3","MHI",56.08
"955",80,"N4","Ambiguous",46.62
"956",80,"N1","NWHI",52.7
"957",80,"M2","MHI",56.08
"958",80,"M3","Ambiguous",46.62
"959",80,"M4","NWHI",52.7
"960",80,"M1","MHI",56.08
"961",81,"P6","Pelagic",50
"962",81,"P2","NWHI",52.7
"963",81,"P7","MHI",59.46
"964",81,"P1","Pelagic",50
"965",81,"N2","NWHI",52.7
"966",81,"N3","MHI",59.46
"967",81,"N4","Pelagic",50
"968",81,"N1","NWHI",52.7
"969",81,"M2","MHI",59.46
"970",81,"M3","Pelagic",50
"971",81,"M4","NWHI",52.7
"972",81,"M1","MHI",59.46
"973",82,"P2","Pelagic",53.38
"974",82,"P4","NWHI",52.03
"975",82,"P8","MHI",57.43
"976",82,"P3","Pelagic",53.38
"977",82,"N2","NWHI",52.03
"978",82,"N3","MHI",57.43
"979",82,"N4","Pelagic",53.38
"980",82,"N1","NWHI",52.03
"981",82,"M2","MHI",57.43
"982",82,"M3","Pelagic",53.38
"983",82,"M4","NWHI",52.03
"984",82,"M1","MHI",57.43
"985",83,"P8","Pelagic",54.73
"986",83,"P6","NWHI",58.78
"987",83,"P3","MHI",65.54
"988",83,"P2","Pelagic",54.73
"989",83,"N2","NWHI",58.78
"990",83,"N3","MHI",65.54
"991",83,"N4","Pelagic",54.73
"992",83,"N1","NWHI",58.78
"993",83,"M2","MHI",65.54
"994",83,"M3","Pelagic",54.73
"995",83,"M4","NWHI",58.78
"996",83,"M1","MHI",65.54
"997",84,"P1","Pelagic",55.41
"998",84,"P3","Ambiguous",39.19
"999",84,"P4","MHI",62.16
"1000",84,"P5","Pelagic",55.41
"1001",84,"N2","Ambiguous",39.19
"1002",84,"N3","MHI",62.16
"1003",84,"N4","Pelagic",55.41
"1004",84,"N1","Ambiguous",39.19
"1005",84,"M2","MHI",62.16
"1006",84,"M3","Pelagic",55.41
"1007",84,"M4","Ambiguous",39.19
"1008",84,"M1","MHI",62.16
"1009",85,"P6","Pelagic",50.68
"1010",85,"P2","Ambiguous",49.32
"1011",85,"P7","MHI",64.86
"1012",85,"P5","Pelagic",50.68
"1013",85,"N2","Ambiguous",49.32
"1014",85,"N3","MHI",64.86
"1015",85,"N4","Pelagic",50.68
"1016",85,"N1","Ambiguous",49.32
"1017",85,"M2","MHI",64.86
"1018",85,"M3","Pelagic",50.68
"1019",85,"M4","Ambiguous",49.32
"1020",85,"M1","MHI",64.86
"1021",86,"P7","Pelagic",57.43
"1022",86,"P1","NWHI",57.43
"1023",86,"P3","Ambiguous",49.32
"1024",86,"P2","Pelagic",57.43
"1025",86,"N2","NWHI",57.43
"1026",86,"N3","Ambiguous",49.32
"1027",86,"N4","Pelagic",57.43
"1028",86,"N1","NWHI",57.43
"1029",86,"M2","Ambiguous",49.32
"1030",86,"M3","Pelagic",57.43
"1031",86,"M4","NWHI",57.43
"1032",86,"M1","Ambiguous",49.32
"1033",87,"P7","Pelagic",56.08
"1034",87,"P2","NWHI",55.41
"1035",87,"P6","MHI",58.11
"1036",87,"P3","Pelagic",56.08
"1037",87,"N2","NWHI",55.41
"1038",87,"N3","MHI",58.11
"1039",87,"N4","Pelagic",56.08
"1040",87,"N1","NWHI",55.41
"1041",87,"M2","MHI",58.11
"1042",87,"M3","Pelagic",56.08
"1043",87,"M4","NWHI",55.41
"1044",87,"M1","MHI",58.11
"1045",88,"P7","Ambiguous",48.65
"1046",88,"P6","Ambiguous",48.65
"1047",88,"P3","MHI",56.76
"1048",88,"P2","Ambiguous",48.65
"1049",88,"N2","Ambiguous",48.65
"1050",88,"N3","MHI",56.76
"1051",88,"N4","Ambiguous",48.65
"1052",88,"N1","Ambiguous",48.65
"1053",88,"M2","MHI",56.76
"1054",88,"M3","Ambiguous",48.65
"1055",88,"M4","Ambiguous",48.65
"1056",88,"M1","MHI",56.76
"1057",89,"P1","Ambiguous",47.97
"1058",89,"P5","NWHI",51.35
"1059",89,"P6","MHI",64.19
"1060",89,"P7","Ambiguous",47.97
"1061",89,"N2","NWHI",51.35
"1062",89,"N3","MHI",64.19
"1063",89,"N4","Ambiguous",47.97
"1064",89,"N1","NWHI",51.35
"1065",89,"M2","MHI",64.19
"1066",89,"M3","Ambiguous",47.97
"1067",89,"M4","NWHI",51.35
"1068",89,"M1","MHI",64.19
"1069",90,"P2","Ambiguous",47.3
"1070",90,"P8","Ambiguous",43.92
"1071",90,"P7","MHI",59.46
"1072",90,"P1","Ambiguous",47.3
"1073",90,"N2","Ambiguous",43.92
"1074",90,"N3","MHI",59.46
"1075",90,"N4","Ambiguous",47.3
"1076",90,"N1","Ambiguous",43.92
"1077",90,"M2","MHI",59.46
"1078",90,"M3","Ambiguous",47.3
"1079",90,"M4","Ambiguous",43.92
"1080",90,"M1","MHI",59.46
"1081",91,"P3","Ambiguous",46.62
"1082",91,"P1","Ambiguous",43.24
"1083",91,"P5","MHI",64.86
"1084",91,"P7","Ambiguous",46.62
"1085",91,"N2","Ambiguous",43.24
"1086",91,"N3","MHI",64.86
"1087",91,"N4","Ambiguous",46.62
"1088",91,"N1","Ambiguous",43.24
"1089",91,"M2","MHI",64.86
"1090",91,"M3","Ambiguous",46.62
"1091",91,"M4","Ambiguous",43.24
"1092",91,"M1","MHI",64.86
"1093",92,"P6","Ambiguous",49.32
"1094",92,"P2","Ambiguous",45.95
"1095",92,"P5","MHI",64.19
"1096",92,"P7","Ambiguous",49.32
"1097",92,"N2","Ambiguous",45.95
"1098",92,"N3","MHI",64.19
"1099",92,"N4","Ambiguous",49.32
"1100",92,"N1","Ambiguous",45.95
"1101",92,"M2","MHI",64.19
"1102",92,"M3","Ambiguous",49.32
"1103",92,"M4","Ambiguous",45.95
"1104",92,"M1","MHI",64.19
"1105",93,"P5","Ambiguous",44.59
"1106",93,"P7","NWHI",53.38
"1107",93,"P1","MHI",59.46
"1108",93,"P2","Ambiguous",44.59
"1109",93,"N2","NWHI",53.38
"1110",93,"N3","MHI",59.46
"1111",93,"N4","Ambiguous",44.59
"1112",93,"N1","NWHI",53.38
"1113",93,"M2","MHI",59.46
"1114",93,"M3","Ambiguous",44.59
"1115",93,"M4","NWHI",53.38
"1116",93,"M1","MHI",59.46
"1117",94,"P4","Ambiguous",43.24
"1118",94,"P5","Ambiguous",43.24
"1119",94,"P1","MHI",56.76
"1120",94,"P7","Ambiguous",43.24
"1121",94,"N2","Ambiguous",43.24
"1122",94,"N3","MHI",56.76
"1123",94,"N4","Ambiguous",43.24
"1124",94,"N1","Ambiguous",43.24
"1125",94,"M2","MHI",56.76
"1126",94,"M3","Ambiguous",43.24
"1127",94,"M4","Ambiguous",43.24
"1128",94,"M1","MHI",56.76
"1129",95,"P7","Ambiguous",40.54
"1130",95,"P3","Ambiguous",41.89
"1131",95,"P4","MHI",65.54
"1132",95,"P5","Ambiguous",40.54
"1133",95,"N2","Ambiguous",41.89
"1134",95,"N3","MHI",65.54
"1135",95,"N4","Ambiguous",40.54
"1136",95,"N1","Ambiguous",41.89
"1137",95,"M2","MHI",65.54
"1138",95,"M3","Ambiguous",40.54
"1139",95,"M4","Ambiguous",41.89
"1140",95,"M1","MHI",65.54
"1141",96,"P7","Ambiguous",39.86
"1142",96,"P4","NWHI",56.08
"1143",96,"P6","MHI",65.54
"1144",96,"P1","Ambiguous",39.86
"1145",96,"N2","NWHI",56.08
"1146",96,"N3","MHI",65.54
"1147",96,"N4","Ambiguous",39.86
"1148",96,"N1","NWHI",56.08
"1149",96,"M2","MHI",65.54
"1150",96,"M3","Ambiguous",39.86
"1151",96,"M4","NWHI",56.08
"1152",96,"M1","MHI",65.54
"1153",97,"P3","Pelagic",52.03
"1154",97,"P6","NWHI",52.7
"1155",97,"P2","MHI",60.81
"1156",97,"P7","Pelagic",52.03
"1157",97,"N2","NWHI",52.7
"1158",97,"N3","MHI",60.81
"1159",97,"N4","Pelagic",52.03
"1160",97,"N1","NWHI",52.7
"1161",97,"M2","MHI",60.81
"1162",97,"M3","Pelagic",52.03
"1163",97,"M4","NWHI",52.7
"1164",97,"M1","MHI",60.81
"1165",98,"P8","Pelagic",51.35
"1166",98,"P6","NWHI",54.05
"1167",98,"P4","MHI",63.51
"1168",98,"P2","Pelagic",51.35
"1169",98,"N2","NWHI",54.05
"1170",98,"N3","MHI",63.51
"1171",98,"N4","Pelagic",51.35
"1172",98,"N1","NWHI",54.05
"1173",98,"M2","MHI",63.51
"1174",98,"M3","Pelagic",51.35
"1175",98,"M4","NWHI",54.05
"1176",98,"M1","MHI",63.51
"1177",99,"P6","Pelagic",52.03
"1178",99,"P7","NWHI",53.38
"1179",99,"P5","MHI",58.78
"1180",99,"P3","Pelagic",52.03
"1181",99,"N2","NWHI",53.38
"1182",99,"N3","MHI",58.78
"1183",99,"N4","Pelagic",52.03
"1184",99,"N1","NWHI",53.38
"1185",99,"M2","MHI",58.78
"1186",99,"M3","Pelagic",52.03
"1187",99,"M4","NWHI",53.38
"1188",99,"M1","MHI",58.78
"1189",100,"P3","Ambiguous",41.89
"1190",100,"P5","Ambiguous",49.32
"1191",100,"P8","MHI",64.19
"1192",100,"P4","Ambiguous",41.89
"1193",100,"N2","Ambiguous",49.32
"1194",100,"N3","MHI",64.19
"1195",100,"N4","Ambiguous",41.89
"1196",100,"N1","Ambiguous",49.32
"1197",100,"M2","MHI",64.19
"1198",100,"M3","Ambiguous",41.89
"1199",100,"M4","Ambiguous",49.32
"1200",100,"M1","MHI",64.19
